,Timestamp,x,y,Action
0,2021-09-02 16:12:32.165810,-846,581,Move
1,2021-09-02 16:12:32.168813,-845,581,Move
2,2021-09-02 16:12:32.171814,-844,581,Move
3,2021-09-02 16:12:32.173814,-844,581,Move
4,2021-09-02 16:12:32.175814,-843,581,Move
5,2021-09-02 16:12:32.177815,-842,581,Move
6,2021-09-02 16:12:32.179815,-841,581,Move
7,2021-09-02 16:12:32.181815,-838,581,Move
8,2021-09-02 16:12:32.183816,-837,581,Move
9,2021-09-02 16:12:32.185817,-835,581,Move
10,2021-09-02 16:12:32.187818,-833,580,Move
11,2021-09-02 16:12:32.189817,-831,580,Move
12,2021-09-02 16:12:32.191818,-828,580,Move
13,2021-09-02 16:12:32.193818,-827,580,Move
14,2021-09-02 16:12:32.195819,-826,580,Move
15,2021-09-02 16:12:32.197819,-824,580,Move
16,2021-09-02 16:12:32.199820,-822,580,Move
17,2021-09-02 16:12:32.201820,-820,580,Move
18,2021-09-02 16:12:32.203820,-817,580,Move
19,2021-09-02 16:12:32.205821,-815,580,Move
20,2021-09-02 16:12:32.207821,-813,580,Move
21,2021-09-02 16:12:32.209822,-811,580,Move
22,2021-09-02 16:12:32.211822,-809,580,Move
23,2021-09-02 16:12:32.213823,-808,580,Move
24,2021-09-02 16:12:32.215823,-806,580,Move
25,2021-09-02 16:12:32.217824,-806,580,Move
26,2021-09-02 16:12:32.219824,-805,580,Move
27,2021-09-02 16:12:32.221825,-805,580,Move
28,2021-09-02 16:12:32.833808,-805,580,Move
29,2021-09-02 16:12:32.841810,-805,580,Move
30,2021-09-02 16:12:32.843811,-805,580,Move
31,2021-09-02 16:12:32.845811,-806,580,Move
32,2021-09-02 16:12:32.847811,-807,580,Move
33,2021-09-02 16:12:32.849812,-808,580,Move
34,2021-09-02 16:12:32.851813,-810,581,Move
35,2021-09-02 16:12:32.853813,-811,582,Move
36,2021-09-02 16:12:32.855813,-812,582,Move
37,2021-09-02 16:12:32.857813,-815,583,Move
38,2021-09-02 16:12:32.859815,-816,585,Move
39,2021-09-02 16:12:32.861815,-818,585,Move
40,2021-09-02 16:12:32.863816,-820,587,Move
41,2021-09-02 16:12:32.865816,-822,588,Move
42,2021-09-02 16:12:32.867816,-824,588,Move
43,2021-09-02 16:12:32.869817,-826,590,Move
44,2021-09-02 16:12:32.871818,-828,590,Move
45,2021-09-02 16:12:32.873817,-829,590,Move
46,2021-09-02 16:12:32.875819,-831,592,Move
47,2021-09-02 16:12:32.877819,-833,593,Move
48,2021-09-02 16:12:32.879818,-837,594,Move
49,2021-09-02 16:12:32.881819,-840,596,Move
50,2021-09-02 16:12:32.883820,-843,598,Move
51,2021-09-02 16:12:32.885820,-847,599,Move
52,2021-09-02 16:12:32.887821,-851,601,Move
53,2021-09-02 16:12:32.889821,-855,604,Move
54,2021-09-02 16:12:32.891822,-858,605,Move
55,2021-09-02 16:12:32.893822,-861,608,Move
56,2021-09-02 16:12:32.895822,-865,610,Move
57,2021-09-02 16:12:32.897823,-868,612,Move
58,2021-09-02 16:12:32.899823,-872,615,Move
59,2021-09-02 16:12:32.901824,-874,617,Move
60,2021-09-02 16:12:32.903824,-876,619,Move
61,2021-09-02 16:12:32.905825,-879,622,Move
62,2021-09-02 16:12:32.907825,-881,624,Move
63,2021-09-02 16:12:32.909826,-883,626,Move
64,2021-09-02 16:12:32.911826,-885,629,Move
65,2021-09-02 16:12:32.913826,-886,631,Move
66,2021-09-02 16:12:32.915827,-888,632,Move
67,2021-09-02 16:12:32.917827,-889,634,Move
68,2021-09-02 16:12:32.919827,-891,637,Move
69,2021-09-02 16:12:32.921828,-891,639,Move
70,2021-09-02 16:12:32.923829,-892,641,Move
71,2021-09-02 16:12:32.925830,-893,643,Move
72,2021-09-02 16:12:32.927830,-893,645,Move
73,2021-09-02 16:12:32.929830,-894,648,Move
74,2021-09-02 16:12:32.931831,-895,650,Move
75,2021-09-02 16:12:32.933831,-896,653,Move
76,2021-09-02 16:12:32.935831,-896,656,Move
77,2021-09-02 16:12:32.937832,-897,659,Move
78,2021-09-02 16:12:32.939832,-898,662,Move
79,2021-09-02 16:12:32.941833,-898,666,Move
80,2021-09-02 16:12:32.943833,-898,670,Move
81,2021-09-02 16:12:32.945833,-899,675,Move
82,2021-09-02 16:12:32.947834,-899,679,Move
83,2021-09-02 16:12:32.949834,-899,684,Move
84,2021-09-02 16:12:32.951835,-899,691,Move
85,2021-09-02 16:12:32.953836,-899,698,Move
86,2021-09-02 16:12:32.955837,-899,705,Move
87,2021-09-02 16:12:32.957837,-899,713,Move
88,2021-09-02 16:12:32.959847,-898,721,Move
89,2021-09-02 16:12:32.961837,-896,730,Move
90,2021-09-02 16:12:32.963838,-892,740,Move
91,2021-09-02 16:12:32.965839,-889,751,Move
92,2021-09-02 16:12:32.967838,-885,762,Move
93,2021-09-02 16:12:32.969839,-880,774,Move
94,2021-09-02 16:12:32.971839,-874,789,Move
95,2021-09-02 16:12:32.973840,-867,804,Move
96,2021-09-02 16:12:32.975841,-859,822,Move
97,2021-09-02 16:12:32.977841,-849,840,Move
98,2021-09-02 16:12:32.979842,-837,859,Move
99,2021-09-02 16:12:32.981843,-825,880,Move
100,2021-09-02 16:12:32.983843,-811,904,Move
101,2021-09-02 16:12:32.985843,-794,928,Move
102,2021-09-02 16:12:32.987843,-776,953,Move
103,2021-09-02 16:12:32.989843,-758,976,Move
104,2021-09-02 16:12:32.991845,-738,1003,Move
105,2021-09-02 16:12:32.993844,-718,1029,Move
106,2021-09-02 16:12:32.995845,-693,1057,Move
107,2021-09-02 16:12:32.997846,-671,1082,Move
108,2021-09-02 16:12:32.999846,-644,1111,Move
109,2021-09-02 16:12:33.001847,-617,1140,Move
110,2021-09-02 16:12:33.003853,-588,1169,Move
111,2021-09-02 16:12:33.005848,-560,1193,Move
112,2021-09-02 16:12:33.007848,-529,1221,Move
113,2021-09-02 16:12:33.009849,-496,1244,Move
114,2021-09-02 16:12:33.011848,-461,1269,Move
115,2021-09-02 16:12:33.013849,-426,1291,Move
116,2021-09-02 16:12:33.015849,-386,1314,Move
117,2021-09-02 16:12:33.017850,-348,1334,Move
118,2021-09-02 16:12:33.019850,-306,1353,Move
119,2021-09-02 16:12:33.021851,-265,1370,Move
120,2021-09-02 16:12:33.023851,-221,1387,Move
121,2021-09-02 16:12:33.025852,-179,1402,Move
122,2021-09-02 16:12:33.027852,-134,1414,Move
123,2021-09-02 16:12:33.029853,-91,1425,Move
124,2021-09-02 16:12:33.031853,-45,1435,Move
125,2021-09-02 16:12:33.033854,0,1442,Move
126,2021-09-02 16:12:33.035854,46,1448,Move
127,2021-09-02 16:12:33.037854,43,1451,Move
128,2021-09-02 16:12:33.039855,46,1453,Move
129,2021-09-02 16:12:33.041855,42,1455,Move
130,2021-09-02 16:12:33.043856,45,1455,Move
131,2021-09-02 16:12:33.045857,40,1455,Move
132,2021-09-02 16:12:33.047811,43,1454,Move
133,2021-09-02 16:12:33.049815,41,1449,Move
134,2021-09-02 16:12:33.051815,44,1443,Move
135,2021-09-02 16:12:33.053815,41,1436,Move
136,2021-09-02 16:12:33.055816,42,1427,Move
137,2021-09-02 16:12:33.057816,41,1417,Move
138,2021-09-02 16:12:33.059816,40,1406,Move
139,2021-09-02 16:12:33.061817,40,1393,Move
140,2021-09-02 16:12:33.063817,43,1378,Move
141,2021-09-02 16:12:33.065817,37,1363,Move
142,2021-09-02 16:12:33.067818,38,1348,Move
143,2021-09-02 16:12:33.069819,38,1332,Move
144,2021-09-02 16:12:33.071820,36,1315,Move
145,2021-09-02 16:12:33.073820,36,1295,Move
146,2021-09-02 16:12:33.075820,33,1277,Move
147,2021-09-02 16:12:33.077820,36,1256,Move
148,2021-09-02 16:12:33.079821,29,1239,Move
149,2021-09-02 16:12:33.081821,31,1219,Move
150,2021-09-02 16:12:33.083822,26,1201,Move
151,2021-09-02 16:12:33.085822,27,1180,Move
152,2021-09-02 16:12:33.087822,24,1162,Move
153,2021-09-02 16:12:33.089824,24,1141,Move
154,2021-09-02 16:12:33.091824,19,1124,Move
155,2021-09-02 16:12:33.093825,19,1106,Move
156,2021-09-02 16:12:33.095825,17,1087,Move
157,2021-09-02 16:12:33.097825,18,1069,Move
158,2021-09-02 16:12:33.099825,32,1052,Move
159,2021-09-02 16:12:33.101810,47,1035,Move
160,2021-09-02 16:12:33.103812,58,1020,Move
161,2021-09-02 16:12:33.105814,69,1004,Move
162,2021-09-02 16:12:33.107813,79,988,Move
163,2021-09-02 16:12:33.109813,88,972,Move
164,2021-09-02 16:12:33.111814,96,956,Move
165,2021-09-02 16:12:33.113816,102,942,Move
166,2021-09-02 16:12:33.115811,107,928,Move
167,2021-09-02 16:12:33.117814,111,913,Move
168,2021-09-02 16:12:33.119814,115,900,Move
169,2021-09-02 16:12:33.121814,117,885,Move
170,2021-09-02 16:12:33.123815,118,872,Move
171,2021-09-02 16:12:33.125811,119,857,Move
172,2021-09-02 16:12:33.127813,120,842,Move
173,2021-09-02 16:12:33.129814,120,828,Move
174,2021-09-02 16:12:33.131814,120,815,Move
175,2021-09-02 16:12:33.133811,120,800,Move
176,2021-09-02 16:12:33.135813,120,787,Move
177,2021-09-02 16:12:33.137813,119,772,Move
178,2021-09-02 16:12:33.139815,117,759,Move
179,2021-09-02 16:12:33.141811,115,745,Move
180,2021-09-02 16:12:33.143813,112,732,Move
181,2021-09-02 16:12:33.145814,109,720,Move
182,2021-09-02 16:12:33.147811,106,708,Move
183,2021-09-02 16:12:33.149812,102,695,Move
184,2021-09-02 16:12:33.151811,99,683,Move
185,2021-09-02 16:12:33.153813,96,671,Move
186,2021-09-02 16:12:33.155815,92,660,Move
187,2021-09-02 16:12:33.157814,89,649,Move
188,2021-09-02 16:12:33.159814,85,638,Move
189,2021-09-02 16:12:33.161814,81,628,Move
190,2021-09-02 16:12:33.163816,77,619,Move
191,2021-09-02 16:12:33.165811,73,610,Move
192,2021-09-02 16:12:33.167813,69,600,Move
193,2021-09-02 16:12:33.169813,64,592,Move
194,2021-09-02 16:12:33.171811,59,582,Move
195,2021-09-02 16:12:33.173813,55,575,Move
196,2021-09-02 16:12:33.175811,49,566,Move
197,2021-09-02 16:12:33.177814,44,559,Move
198,2021-09-02 16:12:33.179815,39,551,Move
199,2021-09-02 16:12:33.181811,34,544,Move
200,2021-09-02 16:12:33.183813,27,538,Move
201,2021-09-02 16:12:33.185814,22,532,Move
202,2021-09-02 16:12:33.187814,17,526,Move
203,2021-09-02 16:12:33.189814,12,521,Move
204,2021-09-02 16:12:33.191816,7,517,Move
205,2021-09-02 16:12:33.193815,3,513,Move
206,2021-09-02 16:12:33.195816,-1,509,Move
207,2021-09-02 16:12:33.197816,-4,507,Move
208,2021-09-02 16:12:33.199817,-8,505,Move
209,2021-09-02 16:12:33.201818,-10,504,Move
210,2021-09-02 16:12:33.203818,-12,502,Move
211,2021-09-02 16:12:33.205818,-14,501,Move
212,2021-09-02 16:12:33.207818,-15,500,Move
213,2021-09-02 16:12:33.209819,-16,500,Move
214,2021-09-02 16:12:33.211820,-16,499,Move
215,2021-09-02 16:12:33.215811,-17,499,Move
216,2021-09-02 16:12:33.219813,-17,499,Move
217,2021-09-02 16:12:33.221816,-17,499,Move
218,2021-09-02 16:12:33.297811,-18,499,Move
219,2021-09-02 16:12:33.303815,-18,499,Move
220,2021-09-02 16:12:33.305815,-18,499,Move
221,2021-09-02 16:12:33.308817,-19,499,Move
222,2021-09-02 16:12:33.309817,-20,500,Move
223,2021-09-02 16:12:33.311817,-20,500,Move
224,2021-09-02 16:12:33.313816,-21,500,Move
225,2021-09-02 16:12:33.315817,-22,501,Move
226,2021-09-02 16:12:33.317817,-23,501,Move
227,2021-09-02 16:12:33.319818,-24,502,Move
228,2021-09-02 16:12:33.321818,-25,503,Move
229,2021-09-02 16:12:33.323819,-27,503,Move
230,2021-09-02 16:12:33.325820,-27,504,Move
231,2021-09-02 16:12:33.327820,-28,505,Move
232,2021-09-02 16:12:33.329820,-29,505,Move
233,2021-09-02 16:12:33.331820,-30,506,Move
234,2021-09-02 16:12:33.333821,-31,506,Move
235,2021-09-02 16:12:33.335821,-31,506,Move
236,2021-09-02 16:12:33.337822,-32,507,Move
237,2021-09-02 16:12:33.339822,-32,507,Move
238,2021-09-02 16:12:33.341823,-33,507,Move
239,2021-09-02 16:12:33.343823,-34,508,Move
240,2021-09-02 16:12:33.359811,-34,508,Move
241,2021-09-02 16:12:33.371811,-34,509,Move
242,2021-09-02 16:12:33.373813,-35,509,Move
243,2021-09-02 16:12:33.375813,-35,509,Move
244,2021-09-02 16:12:33.377811,-36,509,Move
245,2021-09-02 16:12:33.379812,-36,510,Move
246,2021-09-02 16:12:33.383811,-38,510,Move
247,2021-09-02 16:12:33.385813,-39,511,Move
248,2021-09-02 16:12:33.387814,-40,512,Move
249,2021-09-02 16:12:33.389813,-42,513,Move
250,2021-09-02 16:12:33.391815,-44,514,Move
251,2021-09-02 16:12:33.393814,-46,515,Move
252,2021-09-02 16:12:33.395815,-48,516,Move
253,2021-09-02 16:12:33.397816,-50,517,Move
254,2021-09-02 16:12:33.399816,-51,517,Move
255,2021-09-02 16:12:33.401817,-54,518,Move
256,2021-09-02 16:12:33.403817,-57,520,Move
257,2021-09-02 16:12:33.405817,-60,521,Move
258,2021-09-02 16:12:33.407817,-62,522,Move
259,2021-09-02 16:12:33.409818,-65,524,Move
260,2021-09-02 16:12:33.411819,-67,525,Move
261,2021-09-02 16:12:33.413819,-70,527,Move
262,2021-09-02 16:12:33.415819,-72,527,Move
263,2021-09-02 16:12:33.417820,-73,529,Move
264,2021-09-02 16:12:33.419821,-75,530,Move
265,2021-09-02 16:12:33.421821,-75,530,Move
266,2021-09-02 16:12:33.423821,-76,531,Move
267,2021-09-02 16:12:33.425821,-76,531,Move
268,2021-09-02 16:12:33.427822,-77,532,Move
269,2021-09-02 16:12:33.429823,-77,532,Move
270,2021-09-02 16:12:33.433823,-77,533,Move
271,2021-09-02 16:12:33.435824,-78,533,Move
272,2021-09-02 16:12:33.437824,-78,534,Move
273,2021-09-02 16:12:33.439826,-78,534,Move
274,2021-09-02 16:12:33.441811,-79,534,Move
275,2021-09-02 16:12:33.443813,-79,535,Move
276,2021-09-02 16:12:33.445813,-79,535,Move
277,2021-09-02 16:12:33.447811,-79,536,Move
278,2021-09-02 16:12:33.449813,-79,536,Move
279,2021-09-02 16:12:33.451811,-80,537,Move
280,2021-09-02 16:12:33.453812,-80,538,Move
281,2021-09-02 16:12:33.455814,-80,539,Move
282,2021-09-02 16:12:33.457813,-81,541,Move
283,2021-09-02 16:12:33.459814,-82,541,Move
284,2021-09-02 16:12:33.461814,-83,544,Move
285,2021-09-02 16:12:33.463815,-85,546,Move
286,2021-09-02 16:12:33.465815,-85,547,Move
287,2021-09-02 16:12:33.467816,-87,549,Move
288,2021-09-02 16:12:33.469816,-88,552,Move
289,2021-09-02 16:12:33.471817,-89,553,Move
290,2021-09-02 16:12:33.473817,-90,555,Move
291,2021-09-02 16:12:33.475817,-93,557,Move
292,2021-09-02 16:12:33.477819,-94,559,Move
293,2021-09-02 16:12:33.479818,-96,561,Move
294,2021-09-02 16:12:33.481819,-99,564,Move
295,2021-09-02 16:12:33.483820,-101,566,Move
296,2021-09-02 16:12:33.485820,-103,568,Move
297,2021-09-02 16:12:33.487820,-106,571,Move
298,2021-09-02 16:12:33.489821,-108,573,Move
299,2021-09-02 16:12:33.491822,-110,575,Move
300,2021-09-02 16:12:33.493822,-112,577,Move
301,2021-09-02 16:12:33.495823,-113,579,Move
302,2021-09-02 16:12:33.497823,-114,581,Move
303,2021-09-02 16:12:33.499823,-115,583,Move
304,2021-09-02 16:12:33.501823,-115,586,Move
305,2021-09-02 16:12:33.503824,-115,588,Move
306,2021-09-02 16:12:33.505824,-115,590,Move
307,2021-09-02 16:12:33.507825,-115,591,Move
308,2021-09-02 16:12:33.509825,-115,593,Move
309,2021-09-02 16:12:33.511826,-115,595,Move
310,2021-09-02 16:12:33.513827,-115,596,Move
311,2021-09-02 16:12:33.515827,-114,597,Move
312,2021-09-02 16:12:33.517827,-114,598,Move
313,2021-09-02 16:12:33.519828,-113,598,Move
314,2021-09-02 16:12:33.521829,-112,598,Move
315,2021-09-02 16:12:33.523829,-111,599,Move
316,2021-09-02 16:12:33.525830,-111,599,Move
317,2021-09-02 16:12:33.527811,-110,600,Move
318,2021-09-02 16:12:33.529814,-110,600,Move
319,2021-09-02 16:12:33.531811,-109,600,Move
320,2021-09-02 16:12:33.533812,-109,600,Move
321,2021-09-02 16:12:33.535814,-108,600,Move
322,2021-09-02 16:12:33.537814,-107,600,Move
323,2021-09-02 16:12:33.539826,-107,600,Move
324,2021-09-02 16:12:33.541810,-106,600,Move
325,2021-09-02 16:12:33.543813,-105,600,Move
326,2021-09-02 16:12:33.545813,-105,600,Move
327,2021-09-02 16:12:33.547811,-103,600,Move
328,2021-09-02 16:12:33.549813,-103,600,Move
329,2021-09-02 16:12:33.551811,-102,600,Move
330,2021-09-02 16:12:33.553812,-100,600,Move
331,2021-09-02 16:12:33.555813,-99,600,Move
332,2021-09-02 16:12:33.557813,-98,600,Move
333,2021-09-02 16:12:33.559815,-97,600,Move
334,2021-09-02 16:12:33.561815,-96,600,Move
335,2021-09-02 16:12:33.563816,-95,600,Move
336,2021-09-02 16:12:33.565816,-92,599,Move
337,2021-09-02 16:12:33.567816,-91,599,Move
338,2021-09-02 16:12:33.569816,-90,599,Move
339,2021-09-02 16:12:33.571817,-88,598,Move
340,2021-09-02 16:12:33.573818,-85,597,Move
341,2021-09-02 16:12:33.575818,-84,596,Move
342,2021-09-02 16:12:33.577818,-83,596,Move
343,2021-09-02 16:12:33.579819,-81,596,Move
344,2021-09-02 16:12:33.581819,-79,595,Move
345,2021-09-02 16:12:33.583820,-77,594,Move
346,2021-09-02 16:12:33.585821,-75,594,Move
347,2021-09-02 16:12:33.587821,-72,594,Move
348,2021-09-02 16:12:33.589821,-69,594,Move
349,2021-09-02 16:12:33.591821,-66,593,Move
350,2021-09-02 16:12:33.593822,-63,593,Move
351,2021-09-02 16:12:33.595822,-60,593,Move
352,2021-09-02 16:12:33.597823,-57,593,Move
353,2021-09-02 16:12:33.599824,-53,593,Move
354,2021-09-02 16:12:33.601824,-49,593,Move
355,2021-09-02 16:12:33.603825,-43,593,Move
356,2021-09-02 16:12:33.605824,-38,593,Move
357,2021-09-02 16:12:33.607825,-31,593,Move
358,2021-09-02 16:12:33.609826,-24,594,Move
359,2021-09-02 16:12:33.611826,-17,594,Move
360,2021-09-02 16:12:33.613827,-9,595,Move
361,2021-09-02 16:12:33.615827,-1,596,Move
362,2021-09-02 16:12:33.617828,6,597,Move
363,2021-09-02 16:12:33.619827,14,598,Move
364,2021-09-02 16:12:33.621828,21,599,Move
365,2021-09-02 16:12:33.623829,29,599,Move
366,2021-09-02 16:12:33.625829,36,600,Move
367,2021-09-02 16:12:33.627811,44,600,Move
368,2021-09-02 16:12:33.629813,51,600,Move
369,2021-09-02 16:12:33.631811,57,600,Move
370,2021-09-02 16:12:33.633812,64,600,Move
371,2021-09-02 16:12:33.635812,71,600,Move
372,2021-09-02 16:12:33.637813,76,600,Move
373,2021-09-02 16:12:33.639814,82,600,Move
374,2021-09-02 16:12:33.641811,87,600,Move
375,2021-09-02 16:12:33.643813,93,600,Move
376,2021-09-02 16:12:33.645813,97,600,Move
377,2021-09-02 16:12:33.647813,102,600,Move
378,2021-09-02 16:12:33.649814,106,600,Move
379,2021-09-02 16:12:33.651815,112,600,Move
380,2021-09-02 16:12:33.653815,116,600,Move
381,2021-09-02 16:12:33.655816,120,600,Move
382,2021-09-02 16:12:33.657811,124,600,Move
383,2021-09-02 16:12:33.659814,128,600,Move
384,2021-09-02 16:12:33.661811,131,599,Move
385,2021-09-02 16:12:33.663811,136,599,Move
386,2021-09-02 16:12:33.665813,139,598,Move
387,2021-09-02 16:12:33.667813,142,598,Move
388,2021-09-02 16:12:33.669813,145,598,Move
389,2021-09-02 16:12:33.671814,148,598,Move
390,2021-09-02 16:12:33.673814,150,598,Move
391,2021-09-02 16:12:33.675815,153,598,Move
392,2021-09-02 16:12:33.677811,155,597,Move
393,2021-09-02 16:12:33.679813,157,596,Move
394,2021-09-02 16:12:33.681813,158,596,Move
395,2021-09-02 16:12:33.683814,160,595,Move
396,2021-09-02 16:12:33.685814,161,595,Move
397,2021-09-02 16:12:33.687816,162,594,Move
398,2021-09-02 16:12:33.689815,163,594,Move
399,2021-09-02 16:12:33.691811,164,594,Move
400,2021-09-02 16:12:33.693813,164,594,Move
401,2021-09-02 16:12:33.695813,165,593,Move
402,2021-09-02 16:12:33.697814,165,592,Move
403,2021-09-02 16:12:33.699814,165,592,Move
404,2021-09-02 16:12:33.701811,166,592,Move
405,2021-09-02 16:12:33.703813,166,591,Move
406,2021-09-02 16:12:33.705811,167,590,Move
407,2021-09-02 16:12:33.707812,168,589,Move
408,2021-09-02 16:12:33.709813,168,587,Move
409,2021-09-02 16:12:33.711812,168,587,Move
410,2021-09-02 16:12:33.713814,169,585,Move
411,2021-09-02 16:12:33.715811,170,584,Move
412,2021-09-02 16:12:33.717813,170,582,Move
413,2021-09-02 16:12:33.719822,170,580,Move
414,2021-09-02 16:12:33.721815,170,578,Move
415,2021-09-02 16:12:33.723815,171,576,Move
416,2021-09-02 16:12:33.725811,172,574,Move
417,2021-09-02 16:12:33.727812,173,571,Move
418,2021-09-02 16:12:33.729813,173,570,Move
419,2021-09-02 16:12:33.731813,173,569,Move
420,2021-09-02 16:12:33.733814,174,567,Move
421,2021-09-02 16:12:33.735815,175,564,Move
422,2021-09-02 16:12:33.737816,176,561,Move
423,2021-09-02 16:12:33.739815,177,559,Move
424,2021-09-02 16:12:33.741815,179,556,Move
425,2021-09-02 16:12:33.743811,180,553,Move
426,2021-09-02 16:12:33.745812,181,549,Move
427,2021-09-02 16:12:33.747811,183,547,Move
428,2021-09-02 16:12:33.749812,184,544,Move
429,2021-09-02 16:12:33.751811,186,541,Move
430,2021-09-02 16:12:33.753814,187,537,Move
431,2021-09-02 16:12:33.755813,189,535,Move
432,2021-09-02 16:12:33.757813,190,532,Move
433,2021-09-02 16:12:33.759814,192,530,Move
434,2021-09-02 16:12:33.761814,193,528,Move
435,2021-09-02 16:12:33.763815,195,525,Move
436,2021-09-02 16:12:33.765811,196,523,Move
437,2021-09-02 16:12:33.767811,197,521,Move
438,2021-09-02 16:12:33.769813,199,519,Move
439,2021-09-02 16:12:33.771814,199,516,Move
440,2021-09-02 16:12:33.773811,200,514,Move
441,2021-09-02 16:12:33.775815,201,513,Move
442,2021-09-02 16:12:33.777817,202,511,Move
443,2021-09-02 16:12:33.779818,203,509,Move
444,2021-09-02 16:12:33.781812,204,507,Move
445,2021-09-02 16:12:33.783814,204,506,Move
446,2021-09-02 16:12:33.785814,205,504,Move
447,2021-09-02 16:12:33.787814,205,502,Move
448,2021-09-02 16:12:33.789816,205,501,Move
449,2021-09-02 16:12:33.791816,205,500,Move
450,2021-09-02 16:12:33.793817,205,498,Move
451,2021-09-02 16:12:33.795817,205,497,Move
452,2021-09-02 16:12:33.797817,205,496,Move
453,2021-09-02 16:12:33.799817,205,494,Move
454,2021-09-02 16:12:33.801818,205,493,Move
455,2021-09-02 16:12:33.803819,205,492,Move
456,2021-09-02 16:12:33.805818,205,491,Move
457,2021-09-02 16:12:33.807811,205,489,Move
458,2021-09-02 16:12:33.809813,205,488,Move
459,2021-09-02 16:12:33.811813,205,486,Move
460,2021-09-02 16:12:33.813813,205,484,Move
461,2021-09-02 16:12:33.815815,204,482,Move
462,2021-09-02 16:12:33.817811,203,481,Move
463,2021-09-02 16:12:33.819812,203,479,Move
464,2021-09-02 16:12:33.821814,202,477,Move
465,2021-09-02 16:12:33.823813,200,474,Move
466,2021-09-02 16:12:33.825815,200,472,Move
467,2021-09-02 16:12:33.827814,198,470,Move
468,2021-09-02 16:12:33.829815,197,468,Move
469,2021-09-02 16:12:33.831811,196,466,Move
470,2021-09-02 16:12:33.833812,194,464,Move
471,2021-09-02 16:12:33.835813,194,462,Move
472,2021-09-02 16:12:33.837813,193,461,Move
473,2021-09-02 16:12:33.839814,193,460,Move
474,2021-09-02 16:12:33.841815,192,459,Move
475,2021-09-02 16:12:33.843815,191,458,Move
476,2021-09-02 16:12:33.845815,190,457,Move
477,2021-09-02 16:12:33.849811,189,457,Move
478,2021-09-02 16:12:33.851812,189,457,Move
479,2021-09-02 16:12:33.855811,189,456,Move
480,2021-09-02 16:12:33.857813,188,456,Move
481,2021-09-02 16:12:33.863811,188,456,Move
482,2021-09-02 16:12:34.873827,188,456,Click Button.left
483,2021-09-02 16:12:35.677974,188,455,Move
484,2021-09-02 16:12:35.857829,188,455,Release Button.left
485,2021-09-02 16:12:36.181812,188,455,Scroll Up
486,2021-09-02 16:12:36.221833,188,455,Scroll Up
487,2021-09-02 16:12:36.265859,188,455,Scroll Up
488,2021-09-02 16:12:36.370999,188,455,Move
489,2021-09-02 16:12:36.383812,188,455,Scroll Down
490,2021-09-02 16:12:36.405860,188,455,Move
491,2021-09-02 16:12:36.407820,188,455,Scroll Down
492,2021-09-02 16:12:36.433812,188,455,Scroll Down
493,2021-09-02 16:12:36.449812,187,455,Move
494,2021-09-02 16:12:36.453812,187,455,Move
495,2021-09-02 16:12:36.457812,187,455,Move
496,2021-09-02 16:12:36.461814,186,455,Move
497,2021-09-02 16:12:36.467812,186,456,Move
498,2021-09-02 16:12:36.471814,185,456,Move
499,2021-09-02 16:12:36.483812,185,456,Move
500,2021-09-02 16:12:36.497812,185,456,Move
501,2021-09-02 16:12:36.511812,185,457,Move
502,2021-09-02 16:12:36.513816,184,457,Move
503,2021-09-02 16:12:36.529844,184,457,Move
504,2021-09-02 16:12:36.547812,184,458,Move
505,2021-09-02 16:12:37.037935,184,458,Move
506,2021-09-02 16:12:37.063910,183,458,Move
507,2021-09-02 16:12:37.077911,183,458,Move
508,2021-09-02 16:12:37.083813,182,459,Move
509,2021-09-02 16:12:37.089812,181,459,Move
510,2021-09-02 16:12:37.093815,181,459,Move
511,2021-09-02 16:12:37.101824,180,459,Move
512,2021-09-02 16:12:37.105812,180,459,Move
513,2021-09-02 16:12:37.109755,179,459,Move
514,2021-09-02 16:12:37.111756,179,459,Move
515,2021-09-02 16:12:37.113825,178,460,Move
516,2021-09-02 16:12:37.118004,177,460,Move
517,2021-09-02 16:12:37.119997,177,460,Move
518,2021-09-02 16:12:37.121998,176,460,Move
519,2021-09-02 16:12:37.123824,176,460,Move
520,2021-09-02 16:12:37.128006,175,460,Move
521,2021-09-02 16:12:37.130032,175,460,Move
522,2021-09-02 16:12:37.131044,175,461,Move
523,2021-09-02 16:12:37.136018,174,461,Move
524,2021-09-02 16:12:37.138022,173,461,Move
525,2021-09-02 16:12:37.141825,173,462,Move
526,2021-09-02 16:12:37.143826,172,462,Move
527,2021-09-02 16:12:37.145827,172,462,Move
528,2021-09-02 16:12:37.147825,171,462,Move
529,2021-09-02 16:12:37.149827,171,462,Move
530,2021-09-02 16:12:37.153839,170,462,Move
531,2021-09-02 16:12:37.155889,170,462,Move
532,2021-09-02 16:12:37.157825,169,462,Move
533,2021-09-02 16:12:37.161825,169,462,Move
534,2021-09-02 16:12:37.163825,168,462,Move
535,2021-09-02 16:12:37.167997,168,462,Move
536,2021-09-02 16:12:37.169999,167,462,Move
537,2021-09-02 16:12:37.174008,167,462,Move
538,2021-09-02 16:12:37.177824,166,462,Move
539,2021-09-02 16:12:37.179826,165,462,Move
540,2021-09-02 16:12:37.181826,165,462,Move
541,2021-09-02 16:12:37.183827,164,462,Move
542,2021-09-02 16:12:37.185833,164,462,Move
543,2021-09-02 16:12:37.189828,163,462,Move
544,2021-09-02 16:12:37.191829,163,462,Move
545,2021-09-02 16:12:37.195997,162,462,Move
546,2021-09-02 16:12:37.197008,162,462,Move
547,2021-09-02 16:12:37.199009,161,462,Move
548,2021-09-02 16:12:37.201008,160,462,Move
549,2021-09-02 16:12:37.203009,160,462,Move
550,2021-09-02 16:12:37.205824,159,462,Move
551,2021-09-02 16:12:37.207825,159,462,Move
552,2021-09-02 16:12:37.209826,157,462,Move
553,2021-09-02 16:12:37.211826,157,462,Move
554,2021-09-02 16:12:37.213825,156,462,Move
555,2021-09-02 16:12:37.215826,154,461,Move
556,2021-09-02 16:12:37.217827,153,461,Move
557,2021-09-02 16:12:37.219827,152,460,Move
558,2021-09-02 16:12:37.221832,149,459,Move
559,2021-09-02 16:12:37.223828,148,458,Move
560,2021-09-02 16:12:37.225829,147,457,Move
561,2021-09-02 16:12:37.227829,145,456,Move
562,2021-09-02 16:12:37.229830,144,454,Move
563,2021-09-02 16:12:37.231830,141,452,Move
564,2021-09-02 16:12:37.233831,139,450,Move
565,2021-09-02 16:12:37.235833,137,447,Move
566,2021-09-02 16:12:37.237831,133,444,Move
567,2021-09-02 16:12:37.239832,131,440,Move
568,2021-09-02 16:12:37.241832,127,435,Move
569,2021-09-02 16:12:37.243833,122,430,Move
570,2021-09-02 16:12:37.245834,117,426,Move
571,2021-09-02 16:12:37.247825,112,421,Move
572,2021-09-02 16:12:37.249827,106,416,Move
573,2021-09-02 16:12:37.251813,99,411,Move
574,2021-09-02 16:12:37.253815,91,406,Move
575,2021-09-02 16:12:37.255824,83,402,Move
576,2021-09-02 16:12:37.257825,74,398,Move
577,2021-09-02 16:12:37.259827,66,393,Move
578,2021-09-02 16:12:37.261834,56,389,Move
579,2021-09-02 16:12:37.263827,46,386,Move
580,2021-09-02 16:12:37.265827,37,383,Move
581,2021-09-02 16:12:37.267813,28,379,Move
582,2021-09-02 16:12:37.269814,19,376,Move
583,2021-09-02 16:12:37.271815,9,373,Move
584,2021-09-02 16:12:37.273825,1,370,Move
585,2021-09-02 16:12:37.275825,-8,367,Move
586,2021-09-02 16:12:37.277835,-16,365,Move
587,2021-09-02 16:12:37.279827,-23,363,Move
588,2021-09-02 16:12:37.281827,-30,361,Move
589,2021-09-02 16:12:37.283828,-37,359,Move
590,2021-09-02 16:12:37.285828,-43,358,Move
591,2021-09-02 16:12:37.287828,-48,357,Move
592,2021-09-02 16:12:37.289829,-53,356,Move
593,2021-09-02 16:12:37.291829,-57,355,Move
594,2021-09-02 16:12:37.293830,-60,354,Move
595,2021-09-02 16:12:37.295830,-62,354,Move
596,2021-09-02 16:12:37.297831,-64,354,Move
597,2021-09-02 16:12:37.299832,-66,354,Move
598,2021-09-02 16:12:37.301832,-67,354,Move
599,2021-09-02 16:12:37.303832,-68,354,Move
600,2021-09-02 16:12:37.305833,-68,354,Move
601,2021-09-02 16:12:40.634062,-68,354,Move
